post_id,subreddit,created_utc,created_dt,title,body,permalink,score,num_comments,query_tag,retrieved_utc
sample_1,instacart,1773200983,2026-03-11 03:49:43,Instacart service fee keeps rising in my area,I keep seeing markup and delivery fee increases compared to in-store prices.,https://reddit.com/r/instacart/comments/sample_1,10,3,instacart,1773200983
sample_2,InstacartShoppers,1773113683,2026-03-10 03:34:43,"Missing items again, support gave partial refund",Several items were missing and the support chat only refunded part of it.,https://reddit.com/r/InstacartShoppers/comments/sample_2,11,4,instacart,1773200983
sample_3,Frugal,1773026383,2026-03-09 03:19:43,Substitutions were bad produce this week,Replacement choices ignored my notes and included expired produce.,https://reddit.com/r/Frugal/comments/sample_3,12,5,instacart,1773200983
sample_4,instacart,1772939083,2026-03-08 03:04:43,Order arrived late and then got cancelled once,My order was delayed twice before being canceled at night.,https://reddit.com/r/instacart/comments/sample_4,13,6,instacart,1773200983
sample_5,InstacartShoppers,1772851783,2026-03-07 02:49:43,Shopper tip bait stories are getting common,Some users claim tip bait affects shopper willingness to accept batches.,https://reddit.com/r/InstacartShoppers/comments/sample_5,14,7,instacart,1773200983
sample_6,Frugal,1772764483,2026-03-06 02:34:43,Instacart+ pricing still feels worth it sometimes,Lower monthly fee helped but service fee is still confusing at checkout.,https://reddit.com/r/Frugal/comments/sample_6,15,8,instacart,1773200983
sample_7,instacart,1772677183,2026-03-05 02:19:43,Customer service denied my refund request,Customer service said refund denied even with photo evidence.,https://reddit.com/r/instacart/comments/sample_7,16,9,instacart,1773200983
sample_8,InstacartShoppers,1773194683,2026-03-11 02:04:43,Wrong item delivered for the third time,Incorrect replacements and damaged item quality are frequent recently.,https://reddit.com/r/InstacartShoppers/comments/sample_8,17,10,instacart,1773200983
sample_9,Frugal,1773107383,2026-03-10 01:49:43,"Delivery was smooth today, no complaints",Everything arrived on time and substitutions were acceptable.,https://reddit.com/r/Frugal/comments/sample_9,18,3,instacart,1773200983
sample_10,instacart,1773020083,2026-03-09 01:34:43,Batch pay and tipping pressure discussion,Shoppers mention low batch economics and unstable tips.,https://reddit.com/r/instacart/comments/sample_10,19,4,instacart,1773200983
sample_11,InstacartShoppers,1772932783,2026-03-08 01:19:43,Instacart service fee keeps rising in my area,I keep seeing markup and delivery fee increases compared to in-store prices.,https://reddit.com/r/InstacartShoppers/comments/sample_11,20,5,instacart,1773200983
sample_12,Frugal,1772845483,2026-03-07 01:04:43,"Missing items again, support gave partial refund",Several items were missing and the support chat only refunded part of it.,https://reddit.com/r/Frugal/comments/sample_12,21,6,instacart,1773200983
sample_13,instacart,1772758183,2026-03-06 00:49:43,Substitutions were bad produce this week,Replacement choices ignored my notes and included expired produce.,https://reddit.com/r/instacart/comments/sample_13,22,7,instacart,1773200983
sample_14,InstacartShoppers,1772670883,2026-03-05 00:34:43,Order arrived late and then got cancelled once,My order was delayed twice before being canceled at night.,https://reddit.com/r/InstacartShoppers/comments/sample_14,23,8,instacart,1773200983
sample_15,Frugal,1773188383,2026-03-11 00:19:43,Shopper tip bait stories are getting common,Some users claim tip bait affects shopper willingness to accept batches.,https://reddit.com/r/Frugal/comments/sample_15,24,9,instacart,1773200983
sample_16,instacart,1773101083,2026-03-10 00:04:43,Instacart+ pricing still feels worth it sometimes,Lower monthly fee helped but service fee is still confusing at checkout.,https://reddit.com/r/instacart/comments/sample_16,10,10,instacart,1773200983
sample_17,InstacartShoppers,1773013783,2026-03-08 23:49:43,Customer service denied my refund request,Customer service said refund denied even with photo evidence.,https://reddit.com/r/InstacartShoppers/comments/sample_17,11,3,instacart,1773200983
sample_18,Frugal,1772926483,2026-03-07 23:34:43,Wrong item delivered for the third time,Incorrect replacements and damaged item quality are frequent recently.,https://reddit.com/r/Frugal/comments/sample_18,12,4,instacart,1773200983
sample_19,instacart,1772839183,2026-03-06 23:19:43,"Delivery was smooth today, no complaints",Everything arrived on time and substitutions were acceptable.,https://reddit.com/r/instacart/comments/sample_19,13,5,instacart,1773200983
sample_20,InstacartShoppers,1772751883,2026-03-05 23:04:43,Batch pay and tipping pressure discussion,Shoppers mention low batch economics and unstable tips.,https://reddit.com/r/InstacartShoppers/comments/sample_20,14,6,instacart,1773200983
sample_21,Frugal,1772664583,2026-03-04 22:49:43,Instacart service fee keeps rising in my area,I keep seeing markup and delivery fee increases compared to in-store prices.,https://reddit.com/r/Frugal/comments/sample_21,15,7,instacart,1773200983
sample_22,instacart,1773182083,2026-03-10 22:34:43,"Missing items again, support gave partial refund",Several items were missing and the support chat only refunded part of it.,https://reddit.com/r/instacart/comments/sample_22,16,8,instacart,1773200983
sample_23,InstacartShoppers,1773094783,2026-03-09 22:19:43,Substitutions were bad produce this week,Replacement choices ignored my notes and included expired produce.,https://reddit.com/r/InstacartShoppers/comments/sample_23,17,9,instacart,1773200983
sample_24,Frugal,1773007483,2026-03-08 22:04:43,Order arrived late and then got cancelled once,My order was delayed twice before being canceled at night.,https://reddit.com/r/Frugal/comments/sample_24,18,10,instacart,1773200983
